{
  "article_count": 64,
  "reference_count": 52,
  "most_referenced": [
    [
      "26",
      2
    ],
    [
      "44",
      2
    ],
    [
      "49",
      2
    ],
    [
      "6",
      1
    ],
    [
      "7",
      1
    ],
    [
      "8",
      1
    ],
    [
      "9",
      1
    ],
    [
      "10",
      1
    ],
    [
      "17",
      1
    ],
    [
      "18",
      1
    ]
  ],
  "most_referencing": [
    [
      "50",
      3
    ],
    [
      "13",
      2
    ],
    [
      "16",
      2
    ],
    [
      "24",
      2
    ],
    [
      "38",
      2
    ],
    [
      "39",
      2
    ],
    [
      "45",
      2
    ],
    [
      "1",
      1
    ],
    [
      "5",
      1
    ],
    [
      "6",
      1
    ]
  ],
  "central_articles": [
    [
      "24",
      0.008704557091653867
    ],
    [
      "7",
      0.007680491551459293
    ],
    [
      "21",
      0.007680491551459293
    ],
    [
      "38",
      0.007168458781362007
    ],
    [
      "10",
      0.006912442396313364
    ],
    [
      "64",
      0.005120327700972862
    ],
    [
      "26",
      0.004608294930875576
    ],
    [
      "39",
      0.0033282130056323605
    ],
    [
      "51",
      0.0033282130056323605
    ],
    [
      "42",
      0.002560163850486431
    ]
  ],
  "isolated_articles": [
    "2",
    "3",
    "4",
    "52"
  ],
  "reference_chains": [
    [
      "40",
      "51",
      "64",
      "10",
      "24",
      "7",
      "21",
      "38",
      "26",
      "42",
      "54"
    ],
    [
      "40",
      "51",
      "64",
      "10",
      "24",
      "7",
      "21",
      "38",
      "26",
      "42"
    ],
    [
      "51",
      "64",
      "10",
      "24",
      "7",
      "21",
      "38",
      "26",
      "42",
      "54"
    ],
    [
      "40",
      "51",
      "64",
      "10",
      "24",
      "7",
      "21",
      "38",
      "26"
    ],
    [
      "40",
      "51",
      "64",
      "10",
      "24",
      "7",
      "21",
      "38",
      "49"
    ],
    [
      "51",
      "64",
      "10",
      "24",
      "7",
      "21",
      "38",
      "26",
      "42"
    ],
    [
      "64",
      "10",
      "24",
      "7",
      "21",
      "38",
      "26",
      "42",
      "54"
    ],
    [
      "10",
      "24",
      "7",
      "21",
      "38",
      "26",
      "42",
      "54"
    ],
    [
      "40",
      "51",
      "64",
      "10",
      "24",
      "7",
      "21",
      "38"
    ],
    [
      "51",
      "64",
      "10",
      "24",
      "7",
      "21",
      "38",
      "26"
    ]
  ],
  "circular_references": [
    [
      "24",
      "40",
      "51",
      "64",
      "10"
    ],
    [
      "50",
      "9",
      "23",
      "39"
    ]
  ]
}